[
    {
        "countrycode": 86,
        "account": "ZainCheung@163.com",
        "password": "10ca5e4c316f81c5d9b56702********",
        "sckey": "SCU97783T70c13167b4daa422f4d419a765eb4ebb5ebc9********",
        "pushmethod": "",
        "appToken": "",
        "wxpusheruid": "",
        "barkServer": "https://api.day.app",
        "barkKey": ""
    },
    {
        "countrycode": 86,
        "account": "150********",
        "password": "bfa834f7de58cb650ca01edb********",
        "sckey": "SCU97783T70c13167b4daa422f4d419a765eb4ebb5ebc9********",
        "pushmethod": "",
        "appToken": "",
        "wxpusheruid": "",
        "barkServer": "https://api.day.app",
        "barkKey": ""
    },
    {
        "countrycode": 86,
        "account": "132********",
        "password": "f391235b15781c95384cd5bb********",
        "sckey": "SCU97783T70c13167b4daa422f4d419a765eb4ebb5ebc9********",
        "pushmethod": "",
        "appToken": "",
        "wxpusheruid": "",
        "barkServer": "https://api.day.app",
        "barkKey": ""
    }
]